Supplier_Lead_Time,Inventory_Levels,Order_Frequency,Delivery_Performance,Cost_Per_Unit,
Supplier_Lead_Time,1,0.394092685910087,-0.893392676457852,-0.908338081525443,0.952802465906815
Inventory_Levels,0.394092685910087,1,-0.345134157127309,-0.23182829115607,0.331227033492726
Order_Frequency,-0.893392676457852,-0.345134157127309,1,0.799627465424016,-0.857626280977971
Delivery_Performance,-0.908338081525443,-0.23182829115607,0.799627465424016,1,-0.908168861142915
Cost_Per_Unit,0.952802465906815,0.331227033492726,-0.857626280977971,-0.908168861142915,1
